{ "_id" : { "$oid" : "5d9f6f71b6b20c198e2f1832" }, "mpg" : 21.0, "cyl" : 6.0, "disp" : 160.0, "hp" : 110.0, "drat" : 3.8999999999999999112, "wt" : 2.6200000000000001066, "qsec" : 16.460000000000000853, "vs" : 0.0, "am" : 1.0, "gear" : 4.0, "carb" : 4.0, "_row" : "Mazda RX4" }
{ "_id" : { "$oid" : "5d9f6f71b6b20c198e2f1833" }, "mpg" : 21.0, "cyl" : 6.0, "disp" : 160.0, "hp" : 110.0, "drat" : 3.8999999999999999112, "wt" : 2.875, "qsec" : 17.019999999999999574, "vs" : 0.0, "am" : 1.0, "gear" : 4.0, "carb" : 4.0, "_row" : "Mazda RX4 Wag" }
{ "_id" : { "$oid" : "5d9f6f71b6b20c198e2f1834" }, "mpg" : 22.800000000000000711, "cyl" : 4.0, "disp" : 108.0, "hp" : 93.0, "drat" : 3.8500000000000000888, "wt" : 2.3199999999999998401, "qsec" : 18.609999999999999432, "vs" : 1.0, "am" : 1.0, "gear" : 4.0, "carb" : 1.0, "_row" : "Datsun 710" }
{ "_id" : { "$oid" : "5d9f6f71b6b20c198e2f1835" }, "mpg" : 21.399999999999998579, "cyl" : 6.0, "disp" : 258.0, "hp" : 110.0, "drat" : 3.0800000000000000711, "wt" : 3.2149999999999998579, "qsec" : 19.440000000000001279, "vs" : 1.0, "am" : 0.0, "gear" : 3.0, "carb" : 1.0, "_row" : "Hornet 4 Drive" }
{ "_id" : { "$oid" : "5d9f6f71b6b20c198e2f1836" }, "mpg" : 18.699999999999999289, "cyl" : 8.0, "disp" : 360.0, "hp" : 175.0, "drat" : 3.1499999999999999112, "wt" : 3.4399999999999999467, "qsec" : 17.019999999999999574, "vs" : 0.0, "am" : 0.0, "gear" : 3.0, "carb" : 2.0, "_row" : "Hornet Sportabout" }
{ "_id" : { "$oid" : "5d9f6f71b6b20c198e2f1837" }, "mpg" : 18.100000000000001421, "cyl" : 6.0, "disp" : 225.0, "hp" : 105.0, "drat" : 2.7599999999999997868, "wt" : 3.4599999999999999645, "qsec" : 20.219999999999998863, "vs" : 1.0, "am" : 0.0, "gear" : 3.0, "carb" : 1.0, "_row" : "Valiant" }
{ "_id" : { "$oid" : "5d9f6f71b6b20c198e2f1838" }, "mpg" : 14.300000000000000711, "cyl" : 8.0, "disp" : 360.0, "hp" : 245.0, "drat" : 3.2099999999999999645, "wt" : 3.5699999999999998401, "qsec" : 15.839999999999999858, "vs" : 0.0, "am" : 0.0, "gear" : 3.0, "carb" : 4.0, "_row" : "Duster 360" }
{ "_id" : { "$oid" : "5d9f6f71b6b20c198e2f1839" }, "mpg" : 24.399999999999998579, "cyl" : 4.0, "disp" : 146.69999999999998863, "hp" : 62.0, "drat" : 3.6899999999999999467, "wt" : 3.1899999999999999467, "qsec" : 20.0, "vs" : 1.0, "am" : 0.0, "gear" : 4.0, "carb" : 2.0, "_row" : "Merc 240D" }
{ "_id" : { "$oid" : "5d9f6f71b6b20c198e2f183a" }, "mpg" : 22.800000000000000711, "cyl" : 4.0, "disp" : 140.80000000000001137, "hp" : 95.0, "drat" : 3.9199999999999999289, "wt" : 3.1499999999999999112, "qsec" : 22.899999999999998579, "vs" : 1.0, "am" : 0.0, "gear" : 4.0, "carb" : 2.0, "_row" : "Merc 230" }
{ "_id" : { "$oid" : "5d9f6f71b6b20c198e2f183b" }, "mpg" : 19.199999999999999289, "cyl" : 6.0, "disp" : 167.59999999999999432, "hp" : 123.0, "drat" : 3.9199999999999999289, "wt" : 3.4399999999999999467, "qsec" : 18.300000000000000711, "vs" : 1.0, "am" : 0.0, "gear" : 4.0, "carb" : 4.0, "_row" : "Merc 280" }
{ "_id" : { "$oid" : "5d9f6f71b6b20c198e2f183c" }, "mpg" : 17.800000000000000711, "cyl" : 6.0, "disp" : 167.59999999999999432, "hp" : 123.0, "drat" : 3.9199999999999999289, "wt" : 3.4399999999999999467, "qsec" : 18.899999999999998579, "vs" : 1.0, "am" : 0.0, "gear" : 4.0, "carb" : 4.0, "_row" : "Merc 280C" }
{ "_id" : { "$oid" : "5d9f6f71b6b20c198e2f183d" }, "mpg" : 16.399999999999998579, "cyl" : 8.0, "disp" : 275.80000000000001137, "hp" : 180.0, "drat" : 3.0699999999999998401, "wt" : 4.0700000000000002842, "qsec" : 17.399999999999998579, "vs" : 0.0, "am" : 0.0, "gear" : 3.0, "carb" : 3.0, "_row" : "Merc 450SE" }
{ "_id" : { "$oid" : "5d9f6f71b6b20c198e2f183e" }, "mpg" : 17.300000000000000711, "cyl" : 8.0, "disp" : 275.80000000000001137, "hp" : 180.0, "drat" : 3.0699999999999998401, "wt" : 3.7299999999999999822, "qsec" : 17.600000000000001421, "vs" : 0.0, "am" : 0.0, "gear" : 3.0, "carb" : 3.0, "_row" : "Merc 450SL" }
{ "_id" : { "$oid" : "5d9f6f71b6b20c198e2f183f" }, "mpg" : 15.199999999999999289, "cyl" : 8.0, "disp" : 275.80000000000001137, "hp" : 180.0, "drat" : 3.0699999999999998401, "wt" : 3.7799999999999998046, "qsec" : 18.0, "vs" : 0.0, "am" : 0.0, "gear" : 3.0, "carb" : 3.0, "_row" : "Merc 450SLC" }
{ "_id" : { "$oid" : "5d9f6f71b6b20c198e2f1840" }, "mpg" : 10.400000000000000355, "cyl" : 8.0, "disp" : 472.0, "hp" : 205.0, "drat" : 2.9300000000000001599, "wt" : 5.25, "qsec" : 17.980000000000000426, "vs" : 0.0, "am" : 0.0, "gear" : 3.0, "carb" : 4.0, "_row" : "Cadillac Fleetwood" }
{ "_id" : { "$oid" : "5d9f6f71b6b20c198e2f1841" }, "mpg" : 10.400000000000000355, "cyl" : 8.0, "disp" : 460.0, "hp" : 215.0, "drat" : 3.0, "wt" : 5.4240000000000003766, "qsec" : 17.820000000000000284, "vs" : 0.0, "am" : 0.0, "gear" : 3.0, "carb" : 4.0, "_row" : "Lincoln Continental" }
{ "_id" : { "$oid" : "5d9f6f71b6b20c198e2f1842" }, "mpg" : 14.699999999999999289, "cyl" : 8.0, "disp" : 440.0, "hp" : 230.0, "drat" : 3.2299999999999999822, "wt" : 5.3449999999999997513, "qsec" : 17.420000000000001705, "vs" : 0.0, "am" : 0.0, "gear" : 3.0, "carb" : 4.0, "_row" : "Chrysler Imperial" }
{ "_id" : { "$oid" : "5d9f6f71b6b20c198e2f1843" }, "mpg" : 32.399999999999998579, "cyl" : 4.0, "disp" : 78.700000000000002842, "hp" : 66.0, "drat" : 4.0800000000000000711, "wt" : 2.2000000000000001776, "qsec" : 19.469999999999998863, "vs" : 1.0, "am" : 1.0, "gear" : 4.0, "carb" : 1.0, "_row" : "Fiat 128" }
{ "_id" : { "$oid" : "5d9f6f71b6b20c198e2f1844" }, "mpg" : 30.399999999999998579, "cyl" : 4.0, "disp" : 75.700000000000002842, "hp" : 52.0, "drat" : 4.9299999999999997158, "wt" : 1.6149999999999999911, "qsec" : 18.519999999999999574, "vs" : 1.0, "am" : 1.0, "gear" : 4.0, "carb" : 2.0, "_row" : "Honda Civic" }
{ "_id" : { "$oid" : "5d9f6f71b6b20c198e2f1845" }, "mpg" : 33.899999999999998579, "cyl" : 4.0, "disp" : 71.099999999999994316, "hp" : 65.0, "drat" : 4.2199999999999997513, "wt" : 1.8349999999999999645, "qsec" : 19.899999999999998579, "vs" : 1.0, "am" : 1.0, "gear" : 4.0, "carb" : 1.0, "_row" : "Toyota Corolla" }
{ "_id" : { "$oid" : "5d9f6f71b6b20c198e2f1846" }, "mpg" : 21.5, "cyl" : 4.0, "disp" : 120.09999999999999432, "hp" : 97.0, "drat" : 3.7000000000000001776, "wt" : 2.4649999999999998579, "qsec" : 20.010000000000001563, "vs" : 1.0, "am" : 0.0, "gear" : 3.0, "carb" : 1.0, "_row" : "Toyota Corona" }
{ "_id" : { "$oid" : "5d9f6f71b6b20c198e2f1847" }, "mpg" : 15.5, "cyl" : 8.0, "disp" : 318.0, "hp" : 150.0, "drat" : 2.7599999999999997868, "wt" : 3.5200000000000000178, "qsec" : 16.870000000000000995, "vs" : 0.0, "am" : 0.0, "gear" : 3.0, "carb" : 2.0, "_row" : "Dodge Challenger" }
{ "_id" : { "$oid" : "5d9f6f71b6b20c198e2f1848" }, "mpg" : 15.199999999999999289, "cyl" : 8.0, "disp" : 304.0, "hp" : 150.0, "drat" : 3.1499999999999999112, "wt" : 3.4350000000000000533, "qsec" : 17.300000000000000711, "vs" : 0.0, "am" : 0.0, "gear" : 3.0, "carb" : 2.0, "_row" : "AMC Javelin" }
{ "_id" : { "$oid" : "5d9f6f71b6b20c198e2f1849" }, "mpg" : 13.300000000000000711, "cyl" : 8.0, "disp" : 350.0, "hp" : 245.0, "drat" : 3.7299999999999999822, "wt" : 3.8399999999999998579, "qsec" : 15.410000000000000142, "vs" : 0.0, "am" : 0.0, "gear" : 3.0, "carb" : 4.0, "_row" : "Camaro Z28" }
{ "_id" : { "$oid" : "5d9f6f71b6b20c198e2f184a" }, "mpg" : 19.199999999999999289, "cyl" : 8.0, "disp" : 400.0, "hp" : 175.0, "drat" : 3.0800000000000000711, "wt" : 3.8450000000000001954, "qsec" : 17.050000000000000711, "vs" : 0.0, "am" : 0.0, "gear" : 3.0, "carb" : 2.0, "_row" : "Pontiac Firebird" }
{ "_id" : { "$oid" : "5d9f6f71b6b20c198e2f184b" }, "mpg" : 27.300000000000000711, "cyl" : 4.0, "disp" : 79.0, "hp" : 66.0, "drat" : 4.0800000000000000711, "wt" : 1.9350000000000000533, "qsec" : 18.899999999999998579, "vs" : 1.0, "am" : 1.0, "gear" : 4.0, "carb" : 1.0, "_row" : "Fiat X1-9" }
{ "_id" : { "$oid" : "5d9f6f71b6b20c198e2f184c" }, "mpg" : 26.0, "cyl" : 4.0, "disp" : 120.29999999999999716, "hp" : 91.0, "drat" : 4.4299999999999997158, "wt" : 2.1400000000000001243, "qsec" : 16.699999999999999289, "vs" : 0.0, "am" : 1.0, "gear" : 5.0, "carb" : 2.0,